"","tipo_transaccion","nombre_comercio","giro_nombre","mcc_nombre","fecha_transaccion","ope_pais","entry_mode","sexo_cliente","estado_cliente","edad_cliente","monto_transaccion","id_cliente","tiempo","cluster"
"1","TDC","STP*UBER TRIP         CIUDAD DE MEX001","TRANSPORTE TERRESTRE DE PASAJEROS","LIMOSINAS, (TAXIS)",2022-12-01,"MX","CARD NOT PRESENT","F","OAXACA",32,74.81,9709,23,4
"2","TDD","FUNDACION RAFAEL D MU CIUDAD DE MEXDF","BENEFICENCIA","ORGANIZACIONES DE SERVICIO SOCIAL ( BENEFICENCIA)",2022-11-22,"MX","CARD NOT PRESENT","F","CIUDAD DE MEXICO",37,238.78,9370,14,2
"3","TDC","STP*UBER EATS PENDING CIUDAD DE MEX001","OTROS","TRASLADOS - FLETES, (SERVICIOS DE MENSAJERIA)",2022-12-20,"MX","CARD NOT PRESENT","M","MEXICO",38,91.19,5210,42,4
"4","TDD","DLOCAL*DIDI RIDES     CIUDAD DE MEX001","TRANSPORTE TERRESTRE DE PASAJEROS","LIMOSINAS, (TAXIS)",2022-12-12,"MX","CARD NOT PRESENT","M","SINALOA",21,32.95,1280,34,4
"5","TDC","SNP*MERCADOPAGO       CIUDAD DE MEX001","AGREGADOR","AGREGADOR",2022-12-14,"MX","CARD NOT PRESENT","M","PUEBLA",28,487.5,6657,36,3
"6","TDD","STR*UBER PENDING      CIUDAD DE MEX001","TRANSPORTE TERRESTRE DE PASAJEROS","LIMOSINAS, (TAXIS)",2023-01-25,"MX","CARD NOT PRESENT","F","CIUDAD DE MEXICO",28,36.4,98,78,4
"7","TDC","STP*UBER PENDING      CIUDAD DE MEX001","TRANSPORTE TERRESTRE DE PASAJEROS","LIMOSINAS, (TAXIS)",2022-11-10,"MX","CARD NOT PRESENT","M","NUEVO LEON",23,34.86,5458,2,4
"8","TDD","CONEKTA*OXXO          MONTERREY NL 019","RETAIL","TIENDAS DE CONVENIENCIA, MINISUPER",2023-01-13,"MX","CARD NOT PRESENT","M","SONORA",29,59.85,7454,66,4
"9","TDD","STP*UBER PENDING      CIUDAD DE MEX001","TRANSPORTE TERRESTRE DE PASAJEROS","LIMOSINAS, (TAXIS)",2022-12-06,"MX","CARD NOT PRESENT","F","MEXICO",26,64.8,6634,28,4
"10","TDD","Google KitkaGames        650-2530000","OTROS","SERV PROC DATOS - DISENO Y PROGRAM DE SISTEMAS",2023-02-10,"US","CARD NOT PRESENT","F","JALISCO",36,15.93,1490,94,4
"11","TDD","NAYAX1 *NAYAX GLOBAL VMEXICO DF    DF","AGREGADOR","AGREGADOR",2023-03-02,"MX","CARD PRESENT","F","NUEVO LEON",22,17.93,8817,114,4
"12","TDD","CARGOS SKY POS SC     CIUDAD DE MEX000","ENTRETENIMIENTO","PAGO DE SERVICIO POR TELEVISION CABLE/POR EVENTO",2023-01-12,"MX","CARD NOT PRESENT","M","CIUDAD DE MEXICO",29,139.69,4405,65,4
"13","TDD","SC*CALIENTEMX2        TIJUANA BCN  001","ENTRETENIMIENTO","CLUBES DEPORTIVOS PROFESIONALES, (HIPODROMOS,",2022-11-29,"MX","CARD NOT PRESENT","M","COAHUILA DE ZARAGOZA",33,59.85,7532,21,4
"14","TDD","STRIPE *UBER EATS     CIUDAD DE MEXCMX","OTROS","TRASLADOS - FLETES, (SERVICIOS DE MENSAJERIA)",2023-02-28,"MX","CARD NOT PRESENT","F","CHIAPAS",29,17.44,4523,112,4
"15","TDC","BAZ SUPER APP         CIUDAD DE MEX001","OTROS","SERV PROC DATOS - DISENO Y PROGRAM DE SISTEMAS",2023-01-02,"MX","CARD NOT PRESENT","M","GUANAJUATO",33,599.17,7628,55,3
"16","TDC","DLOCAL*DIDI RIDES     CIUDAD DE MEX001","TRANSPORTE TERRESTRE DE PASAJEROS","LIMOSINAS, (TAXIS)",2022-11-10,"MX","CARD NOT PRESENT","F","MEXICO",36,27.81,8988,2,4
"17","TDC","ZTL*GRUPOGASTRONOMICOYCIUDAD DE MEX001","AGREGADOR","AGREGADOR",2022-12-29,"MX","CARD PRESENT","M","MICHOACAN DE OCAMPO",21,42.39,1250,51,4
"18","TDD","DLOCAL*DIDI RIDES     CIUDAD DE MEX001","TRANSPORTE TERRESTRE DE PASAJEROS","LIMOSINAS, (TAXIS)",2022-12-23,"MX","CARD NOT PRESENT","F","NUEVO LEON",37,84.84,3321,45,4
"19","TDC","CINEPOLIS WEB         MORELIA MICH 16","OTROS","MERCADEO DIRECTO - NO CLASIFICADO",2022-12-19,"MX","CARD NOT PRESENT","F","MEXICO",37,285.4,7360,41,2
"20","TDC","SHOPPE MX             MIGUEL HIDALGDF","OTROS","SERVICIOS EMPRESARIALES - NO CLASIFICADOS",2022-12-01,"MX","CARD NOT PRESENT","M","CHIAPAS",22,46.25,7997,23,4
"21","TDC","DLOCAL*DIDI RIDES     CIUDAD DE MEX001","TRANSPORTE TERRESTRE DE PASAJEROS","LIMOSINAS, (TAXIS)",2023-02-02,"MX","CARD NOT PRESENT","F","MEXICO",54,79.86,8908,86,4
"22","TDC","OXXO CAPULINES        TAPACHULA CHICI","RETAIL","TIENDAS DE CONVENIENCIA, MINISUPER",2022-12-14,"MX","CARD PRESENT","M","CHIAPAS",37,27.91,9333,36,4
"23","TDD","STP*UBER EATS PENDING CIUDAD DE MEX001","OTROS","TRASLADOS - FLETES, (SERVICIOS DE MENSAJERIA)",2022-11-14,"MX","CARD NOT PRESENT","F","MEXICO",19,287.4,6732,6,2
"24","TDC","OPENPAY*RAPPI         CIUDAD DE MEXCMX","AGREGADOR","AGREGADOR",2023-01-21,"MX","CARD NOT PRESENT","M","MEXICO",23,16.53,4560,74,4
"25","TDD","D LOCAL*HBO MAX       CIUDAD DE MEX001","AGREGADOR","AGREGADOR",2023-01-17,"MX","CARD NOT PRESENT","M","CIUDAD DE MEXICO",30,47.13,6274,70,4
"26","TDD","DLOCAL*DIDI RIDES     CIUDAD DE MEX001","TRANSPORTE TERRESTRE DE PASAJEROS","LIMOSINAS, (TAXIS)",2023-01-23,"MX","CARD NOT PRESENT","M","MEXICO",29,29.06,6055,76,4
"27","TDD","STARBUCKS U ANAHUAC MEMERIDA YUC   YU","COMIDA RAPIDA","COMIDA RAPIDA",2023-02-22,"MX","CARD PRESENT","M","YUCATAN",19,95.78,5813,106,4
"28","TDC","STR*UBER PENDING      CIUDAD DE MEX001","TRANSPORTE TERRESTRE DE PASAJEROS","LIMOSINAS, (TAXIS)",2023-01-27,"MX","CARD NOT PRESENT","M","GUANAJUATO",30,53.44,2967,80,4
"29","TDC","SHEIN.COM                SINGAPORE","RETAIL","BOUTIQUES ROPA - PARA TODA LA FAMILIA",2023-01-02,"SG","CARD NOT PRESENT","M","YUCATAN",28,524.77,4907,55,3
"30","TDD","MERCADO PAGO          CIUDAD DE MEXDF","OTROS","MERCADEO DIRECTO - NO CLASIFICADO",2022-11-22,"MX","CARD NOT PRESENT","M","PUEBLA",25,34.9,8076,14,4
"31","TDD","D LOCAL*INDRIVE       CIUDAD DE MEX001","AGREGADOR","AGREGADOR",2023-01-25,"MX","CARD NOT PRESENT","M","COAHUILA DE ZARAGOZA",23,49.37,5677,78,4
"32","TDD","D LOCAL*INDRIVE       CIUDAD DE MEX001","AGREGADOR","AGREGADOR",2023-02-02,"MX","CARD NOT PRESENT","M","SAN LUIS POTOSI",32,34.9,282,86,4
"33","TDD","D LOCAL*INDRIVE       CIUDAD DE MEX001","AGREGADOR","AGREGADOR",2023-02-08,"MX","CARD NOT PRESENT","M","QUERETARO",40,59.85,8129,92,4
"34","TDD","7 ELEVEN T2356        APODACA NL   NL","RETAIL","TIENDAS DE CONVENIENCIA, MINISUPER",2022-12-30,"MX","CARD PRESENT","M","NUEVO LEON",56,96.78,3992,52,4
"35","TDD","PAYPAL3               MEXICO DF    DF","AGREGADOR","AGREGADOR",2023-02-23,"MX","CARD NOT PRESENT","M","MEXICO",39,282.5,6722,107,2
"36","TDD","LIVERPOOL POR INTERNETMEXICO DF    000","OTROS","MERCADEO DIRECTO - NO CLASIFICADO",2023-01-19,"MX","CARD NOT PRESENT","F","COAHUILA DE ZARAGOZA",25,781.14,5891,72,1
"37","TDD","CONTEL EXPERIENCIAS   BENITO JUAREZQR","AGENCIAS DE VIAJES","AGENCIAS DE VIAJES OPERADORAS DE VIAJES",2023-02-20,"MX","CARD PRESENT","M","QUINTANA ROO",23,24.92,7993,104,4
"38","TDD","DLOCAL*SHEIN          CIUDAD DE MEX09","AGREGADOR","AGREGADOR",2023-01-29,"MX","CARD NOT PRESENT","F","MICHOACAN DE OCAMPO",19,581.53,9520,82,3
"39","TDD","MERCADO PAGO          CIUDAD DE MEXDF","OTROS","MERCADEO DIRECTO - NO CLASIFICADO",2022-12-16,"MX","CARD NOT PRESENT","M","CIUDAD DE MEXICO",27,59.85,2235,38,4
"40","TDD","STP*UBER EATS PENDING CIUDAD DE MEX001","OTROS","TRASLADOS - FLETES, (SERVICIOS DE MENSAJERIA)",2023-01-09,"MX","CARD NOT PRESENT","M","SONORA",27,215.97,7324,62,2
"41","TDD","CLIP MX*CAFETERA MUSEOZUMPANGO     000","AGREGADOR","AGREGADOR",2023-02-11,"MX","CARD PRESENT","M","PUEBLA",32,44.88,3512,95,4
"42","TDD","STP*UBER TRIP         CIUDAD DE MEX001","TRANSPORTE TERRESTRE DE PASAJEROS","LIMOSINAS, (TAXIS)",2022-12-09,"MX","CARD NOT PRESENT","M","CIUDAD DE MEXICO",32,84.76,3769,31,4
"43","TDC","SHIRUSHI SAN MANUEL   PUEBLA PUE   PU","RESTAURANTE","RESTAURANTES",2023-01-12,"MX","CARD PRESENT","M","PUEBLA",41,192.74,336,65,2
"44","TDC","SNP*MERCADOPAGO       CIUDAD DE MEX001","AGREGADOR","AGREGADOR",2023-02-18,"MX","CARD NOT PRESENT","M","TABASCO",37,291.39,2529,102,2
"45","TDD","STP*UBER PENDING      CIUDAD DE MEX001","TRANSPORTE TERRESTRE DE PASAJEROS","LIMOSINAS, (TAXIS)",2022-12-11,"MX","CARD NOT PRESENT","M","BAJA CALIFORNIA",28,64.81,9024,33,4
"46","TDC","STP*UBER PENDING      CIUDAD DE MEX001","TRANSPORTE TERRESTRE DE PASAJEROS","LIMOSINAS, (TAXIS)",2022-12-23,"MX","CARD NOT PRESENT","M","YUCATAN",22,44.85,9526,45,4
"47","TDC","TH SUCURSAL CALZADA VASN PEDRO GARZNL","COMIDA RAPIDA","COMIDA RAPIDA",2023-02-23,"MX","CARD PRESENT","F","NUEVO LEON",30,89.29,8607,107,4
"48","TDC","SC*PLAYDOIT           GOMEZ PALACIO010","RETAIL","CASINOS CASAS DE JUEGO (APUESTAS INCLUYE BILLETES)",2023-03-01,"MX","CARD NOT PRESENT","M","VERACRUZ DE IGNACIO DE LA LLAV",36,59.85,9194,113,4
"49","TDD","OPENPAY*PLAYDOIT MEXICGOMEZ PALACIODGO","AGREGADOR","AGREGADOR",2023-01-05,"MX","CARD NOT PRESENT","M","NUEVO LEON",22,209.55,9326,58,2
"50","TDD","POINTMP*ABARROTES     MEXICO DF    DF","AGREGADOR","AGREGADOR",2023-01-04,"MX","CARD PRESENT","F","SONORA",37,20.43,9846,57,4
"51","TDD","SNP*MERCADOPAGO       CIUDAD DE MEX001","AGREGADOR","AGREGADOR",2023-01-29,"MX","CARD PRESENT","M","NUEVO LEON",31,54.86,4319,82,4
"52","TDC","UBER *CASH               Amsterdam","TRANSPORTE TERRESTRE DE PASAJEROS","LIMOSINAS, (TAXIS)",2023-02-04,"NL","CARD NOT PRESENT","M","GUANAJUATO",39,520.98,4090,88,3
"53","TDC","CLIP MX*ABARROTES     CIUDAD DE MEX000","AGREGADOR","AGREGADOR",2022-12-15,"MX","CARD PRESENT","M","TABASCO",33,34.9,5035,37,4
"54","TDD","MERCADO PAGO 3        CIUDAD DE MEX001","OTROS","MERCADO DIRECTO - VENTAS POR CATALOGO",2023-02-06,"MX","CARD NOT PRESENT","M","CIUDAD DE MEXICO",30,514.15,1185,90,3
"55","TDD","STARBUCKS PZA FIESTA ASN NICOLAS DLNL","COMIDA RAPIDA","COMIDA RAPIDA",2022-12-25,"MX","CARD PRESENT","F","NUEVO LEON",19,83.3,2880,47,4
"56","TDD","SUPER 7 24            ORIZABA VER  030","MISCELANEAS","ABARROTES, CARNICERIAS, PESCADERIAS, MISCELANEAS,",2023-01-29,"MX","CARD PRESENT","M","VERACRUZ DE IGNACIO DE LA LLAV",45,28.41,2639,82,4
"57","TDD","DLOCAL*RAPPI          CIUDAD DE MEX09","AGREGADOR","AGREGADOR",2023-01-20,"MX","CARD NOT PRESENT","M","NUEVO LEON",24,113.59,8447,73,4
"58","TDD","CAFFENIO 2000 NOGALES NOGALES SON  SO","COMIDA RAPIDA","COMIDA RAPIDA",2023-01-16,"MX","CARD PRESENT","F","SONORA",50,41.89,7284,69,4
"59","TDD","DLOCAL*DIDI RIDES     CIUDAD DE MEX001","TRANSPORTE TERRESTRE DE PASAJEROS","LIMOSINAS, (TAXIS)",2022-12-10,"MX","CARD NOT PRESENT","F","CHIHUAHUA",31,38.82,2209,32,4
"60","TDD","SNP*MERCADOPAGO       CIUDAD DE MEX001","AGREGADOR","AGREGADOR",2023-02-10,"MX","CARD PRESENT","M","SONORA",30,92.29,1729,94,4
"61","TDC","STP*UBER EATS PENDING CIUDAD DE MEX001","OTROS","TRASLADOS - FLETES, (SERVICIOS DE MENSAJERIA)",2022-12-11,"MX","CARD NOT PRESENT","M","NUEVO LEON",35,169.63,7182,33,2
"62","TDD","D LOCAL*HBO MAX       CIUDAD DE MEX001","AGREGADOR","AGREGADOR",2023-01-03,"MX","CARD NOT PRESENT","M","NUEVO LEON",44,47.13,9577,56,4
"63","TDD","DUBAI                 SOLIDARIDAD Q023","ENTRETENIMIENTO","JARDINES BOTANICOS(ZOO, SERVICIOS DE ENTREMIENTO)",2022-12-16,"MX","CARD PRESENT","F","VERACRUZ DE IGNACIO DE LA LLAV",44,159.65,549,38,2
"64","TDD","GRUPO VIDANTA         BAHIA DE BANDNAY","HOTELES","SERV NO CLASIFICADOS HOTELES, MOTELES,CTROS TURIST",2022-12-16,"MX","CARD PRESENT","M","JALISCO",29,22.43,2722,38,4
"65","TDC","KIOSKO GAS EJERCI NAL COLIMA COL   CL","RETAIL","TIENDAS DE CONVENIENCIA, MINISUPER",2023-02-15,"MX","CARD PRESENT","M","COLIMA",33,59.85,2351,99,4
"66","TDD","DUBAI                 SOLIDARIDAD Q023","ENTRETENIMIENTO","JARDINES BOTANICOS(ZOO, SERVICIOS DE ENTREMIENTO)",2023-02-17,"MX","CARD PRESENT","F","VERACRUZ DE IGNACIO DE LA LLAV",44,539.03,549,101,3
"67","TDD","CEDIS GRUPO AZTECA    MORELIA MICH 016","MISCELANEAS","ABARROTES, CARNICERIAS, PESCADERIAS, MISCELANEAS,",2023-02-19,"MX","CARD PRESENT","M","MICHOACAN DE OCAMPO",31,395.03,1424,103,3
"68","TDC","UBER CORNERSHOP       TLALNEPANTLA 015","RESTAURANTE","RESTAURANTES",2022-12-16,"MX","CARD NOT PRESENT","F","CIUDAD DE MEXICO",45,31.61,5925,38,4
"69","TDD","DLOCAL*DIDI FOOD      CIUDAD DE MEX001","TRANSPORTE TERRESTRE DE PASAJEROS","LIMOSINAS, (TAXIS)",2022-12-01,"MX","CARD NOT PRESENT","F","NUEVO LEON",31,86.8,5344,23,4
"70","TDD","NETFLIX COM CR        MEXICO DF    DF","ENTRETENIMIENTO","PAGO DE SERVICIO POR TELEVISION CABLE/POR EVENTO",2023-02-17,"MX","CARD NOT PRESENT","F","NUEVO LEON",32,159.15,2358,101,2
"71","TDD","MERCADO PAGO 5        CIUDAD DE MEX001","OTROS","MERCADO DIRECTO - VENTAS POR CATALOGO",2023-01-11,"MX","CARD NOT PRESENT","F","QUINTANA ROO",27,79.31,4267,64,4
"72","TDD","PAYPAL3               MEXICO DF    DF","AGREGADOR","AGREGADOR",2023-01-03,"MX","CARD NOT PRESENT","M","NUEVO LEON",21,14.94,2205,56,4
"73","TDD","MERPAGO*NIVEL6        CIUDAD DE MEXDF","AGREGADOR","AGREGADOR",2023-01-03,"MX","CARD NOT PRESENT","F","BAJA CALIFORNIA",39,59.35,3612,56,4
"74","TDD","SC*PLAYDOIT           GOMEZ PALACIO010","RETAIL","CASINOS CASAS DE JUEGO (APUESTAS INCLUYE BILLETES)",2023-01-23,"MX","CARD NOT PRESENT","M","CHIHUAHUA",34,209.55,1016,76,2
"75","TDD","TICKETMASTER MEXICO   CIUDAD DE MEX00","ENTRETENIMIENTO","FERIAS,CIRCOS,PARQUES DE DIVERSION,ADIVINOS, LECTU",2022-12-03,"MX","CARD NOT PRESENT","M","CIUDAD DE MEXICO",23,549.91,1603,25,3
"76","TDD","MERCADO PAGO          CIUDAD DE MEXDF","OTROS","MERCADEO DIRECTO - NO CLASIFICADO",2022-12-08,"MX","CARD NOT PRESENT","M","CHIHUAHUA",32,34.9,6539,30,4
"77","TDD","CARLS JR CARR NACIONALMONTERREY NL NL","COMIDA RAPIDA","COMIDA RAPIDA",2022-12-06,"MX","CARD PRESENT","M","NUEVO LEON",44,73.82,2993,28,4
"78","TDD","SC*CALIENTE2          TIJUANA BCN  003","ENTRETENIMIENTO","CLUBES DEPORTIVOS PROFESIONALES, (HIPODROMOS,",2022-12-11,"MX","CARD NOT PRESENT","M","DURANGO",30,109.75,88,33,4
"79","TDD","VSFLASH MOBILE01800422MEXICO DF    DF","OTROS","MERCADEO DIRECTO - NO CLASIFICADO",2022-11-19,"MX","CARD NOT PRESENT","M","COAHUILA DE ZARAGOZA",41,59.85,1480,11,4
"80","TDD","Google EA Mobile         650-2530000","OTROS","SERV PROC DATOS - DISENO Y PROGRAM DE SISTEMAS",2023-01-15,"US","CARD NOT PRESENT","M","NUEVO LEON",22,42.12,5724,68,4
"81","TDC","STP*UBER PENDING      CIUDAD DE MEX001","TRANSPORTE TERRESTRE DE PASAJEROS","LIMOSINAS, (TAXIS)",2023-01-23,"MX","CARD NOT PRESENT","M","BAJA CALIFORNIA",49,54.85,6177,76,4
"82","TDC","DLOCAL*DIDI FOOD CA   CIUDAD DE MEX09","AGREGADOR","AGREGADOR",2023-01-17,"MX","CARD NOT PRESENT","F","ZACATECAS",33,139.14,7250,70,4
"83","TDD","MERCADO PAGO          CIUDAD DE MEXDF","OTROS","MERCADEO DIRECTO - NO CLASIFICADO",2022-11-24,"MX","CARD NOT PRESENT","M","GUANAJUATO",30,342.29,2515,16,2
"84","TDC","YouTube                  London","ENTRETENIMIENTO","PAGO DE SERVICIO POR TELEVISION CABLE/POR EVENTO",2022-12-27,"GB","CARD NOT PRESENT","M","PUEBLA",24,22.43,5163,49,4
"85","TDC","UBER                  CIUDAD DE MEX001","TRANSPORTE TERRESTRE DE PASAJEROS","LIMOSINAS, (TAXIS)",2023-02-13,"MX","CARD NOT PRESENT","F","VERACRUZ DE IGNACIO DE LA LLAV",26,14.94,1107,97,4
"86","TDC","PAYPAL3               MEXICO DF    DF","AGREGADOR","AGREGADOR",2023-01-20,"MX","CARD NOT PRESENT","M","CHIAPAS",23,109.25,8359,73,4
"87","TDD","OXXO MISION SILLA MTY GUADALUPE NL NL","RETAIL","TIENDAS DE CONVENIENCIA, MINISUPER",2022-11-12,"MX","CARD PRESENT","F","NUEVO LEON",20,59.85,5521,4,4
"88","TDD","MERCADO PAGO          CIUDAD DE MEXDF","OTROS","MERCADEO DIRECTO - NO CLASIFICADO",2023-01-28,"MX","CARD NOT PRESENT","M","COAHUILA DE ZARAGOZA",26,346.58,2081,81,2
"89","TDD","PLAYDOIT              GOMEZ PALACIO010","OTROS","BANDAS, ORQUESTAS, GRUPOS,DIVERSIONES NO CLASIFICA",2023-02-18,"MX","CARD NOT PRESENT","M","NUEVO LEON",46,100.77,1160,102,4
"90","TDD","DLOCAL*DIDI RIDES     CIUDAD DE MEX001","TRANSPORTE TERRESTRE DE PASAJEROS","LIMOSINAS, (TAXIS)",2023-02-26,"MX","CARD NOT PRESENT","M","JALISCO",27,105.62,5183,110,4
"91","TDD","IZZI APP PAGO 3       CIUDAD DE MEX001","ENTRETENIMIENTO","PAGO DE SERVICIO POR TELEVISION CABLE/POR EVENTO",2022-11-25,"MX","CARD NOT PRESENT","M","YUCATAN",38,254.46,2594,17,2
"92","TDD","STP*UBER EATS PENDING CIUDAD DE MEX001","OTROS","TRASLADOS - FLETES, (SERVICIOS DE MENSAJERIA)",2022-12-31,"MX","CARD NOT PRESENT","M","MICHOACAN DE OCAMPO",32,111.6,5974,53,4
"93","TDC","STRIPE *UBER TRIP     CIUDAD DE MEXCMX","TRANSPORTE TERRESTRE DE PASAJEROS","LIMOSINAS, (TAXIS)",2023-02-19,"MX","CARD NOT PRESENT","M","MEXICO",24,46.26,5056,103,4
"94","TDC","PR ADOBE CR           NAUCALPAN DE EM","OTROS","SERV PROC DATOS - DISENO Y PROGRAM DE SISTEMAS",2023-02-18,"MX","CARD NOT PRESENT","M","PUEBLA",31,159.15,3502,102,2
"95","TDD","DLOCAL*DIDI FOOD      CIUDAD DE MEX001","TRANSPORTE TERRESTRE DE PASAJEROS","LIMOSINAS, (TAXIS)",2023-02-28,"MX","CARD NOT PRESENT","M","MEXICO",35,70.88,960,112,4
"96","TDD","NETFLIX COM CR        MEXICO DF    DF","ENTRETENIMIENTO","PAGO DE SERVICIO POR TELEVISION CABLE/POR EVENTO",2023-03-04,"MX","CARD NOT PRESENT","M","SAN LUIS POTOSI",22,119.23,2609,116,4
"97","TDD","LIVERPOOL POR INTERNETMEXICO DF    000","OTROS","MERCADEO DIRECTO - NO CLASIFICADO",2022-11-18,"MX","CARD NOT PRESENT","F","JALISCO",39,540.53,7551,10,3
"98","TDD","STP*UBER EATS PENDING CIUDAD DE MEX001","OTROS","TRASLADOS - FLETES, (SERVICIOS DE MENSAJERIA)",2023-01-01,"MX","CARD NOT PRESENT","F","CIUDAD DE MEXICO",19,118.78,8555,54,4
"99","TDC","CHOPO EXPRESS WEB     CIUDAD DE MEX001","OTROS","LABORATORIOS DENTALES, (LABORATORIOS MEDICOS)",2022-11-16,"MX","CARD NOT PRESENT","F","SAN LUIS POTOSI",34,209.06,5655,8,2
"100","TDD","OXXOVIVENZIAS MTY     SANTA CATARINNL","RETAIL","TIENDAS DE CONVENIENCIA, MINISUPER",2023-01-01,"MX","CARD PRESENT","F","NUEVO LEON",24,56.86,5265,54,4
"101","TDD","STP*CLIP MX           CIUDAD DE MEX001","AGREGADOR","AGREGADOR",2022-12-17,"MX","CARD NOT PRESENT","M","QUERETARO",40,109.25,8129,39,4
"102","TDD","Vida Divina              909-3335443","RETAIL","TIENDAS DE CONVENIENCIA, MINISUPER",2023-03-07,"US","CARD NOT PRESENT","F","YUCATAN",36,947.14,5520,119,1
"103","TDC","VIPS JIUTEPEC         JIUTEPEC MOR MO","RESTAURANTE","RESTAURANTES",2022-11-13,"MX","CARD PRESENT","M","QUERETARO",39,162.15,7085,5,2
"104","TDD","D LOCAL*DIDI RIDES    CIUDAD DE MEX001","TRANSPORTE TERRESTRE DE PASAJEROS","LIMOSINAS, (TAXIS)",2023-03-04,"MX","CARD NOT PRESENT","F","NUEVO LEON",27,48.29,8852,116,4
"105","TDC","STP*UBER EATS PENDING CIUDAD DE MEX001","OTROS","TRASLADOS - FLETES, (SERVICIOS DE MENSAJERIA)",2022-12-09,"MX","CARD NOT PRESENT","F","BAJA CALIFORNIA",27,124.22,7955,31,4
"106","TDC","TELAS PARISINA 1905   SANNICOLAS D000","RETAIL","TELAS Y CASIMIRES,MERCERIAS, BONETERIAS,CORCETERIA",2022-12-21,"MX","CARD PRESENT","M","NUEVO LEON",23,60.32,4097,43,4
"107","TDD","CINEPOLIS DULCERIA    MORELIA MICH 16","ENTRETENIMIENTO","CINES, TEATROS",2023-03-01,"MX","CARD PRESENT","F","AGUASCALIENTES",34,109.75,302,113,4
"108","TDD","SC*CALIENTE2          TIJUANA BCN  003","ENTRETENIMIENTO","CLUBES DEPORTIVOS PROFESIONALES, (HIPODROMOS,",2022-11-09,"MX","CARD NOT PRESENT","F","CIUDAD DE MEXICO",49,19.93,3663,1,4
"109","TDD","EXTRA 515 SANTA ANA   MERIDA YUC   YU","RETAIL","TIENDAS DE CONVENIENCIA, MINISUPER",2022-12-07,"MX","CARD PRESENT","M","YUCATAN",44,31.41,8051,29,4
"110","TDC","www aliexpress com       LUXEMBOURG","OTROS","MERCADO DIRECTO - VENTAS POR CATALOGO",2023-03-03,"LU","CARD NOT PRESENT","M","VERACRUZ DE IGNACIO DE LA LLAV",23,361.7,726,115,2
"111","TDD","Vida Divina              909-3335443","RETAIL","TIENDAS DE CONVENIENCIA, MINISUPER",2023-01-20,"US","CARD NOT PRESENT","F","YUCATAN",36,574.73,5520,73,3
"112","TDD","7 ELEVEN GALEANA      MONTERREY NL NL","RETAIL","TIENDAS DE CONVENIENCIA, MINISUPER",2023-02-21,"MX","CARD PRESENT","F","NUEVO LEON",22,21.68,8577,105,4
"113","TDD","SC*CALIENTEMX2        TIJUANA BCN  001","ENTRETENIMIENTO","CLUBES DEPORTIVOS PROFESIONALES, (HIPODROMOS,",2023-02-02,"MX","CARD NOT PRESENT","M","NUEVO LEON",31,384.2,814,86,3
"114","TDD","OXXOBELMODO AGU       JESUS MARIA AAG","RETAIL","TIENDAS DE CONVENIENCIA, MINISUPER",2022-12-13,"MX","CARD PRESENT","M","AGUASCALIENTES",17,29.91,217,35,4
"115","TDC","SNP*MERCADOPAGO       CIUDAD DE MEX001","AGREGADOR","AGREGADOR",2023-01-01,"MX","CARD NOT PRESENT","M","CIUDAD DE MEXICO",28,94.42,6141,54,4
"116","TDD","SC*CALIENTE2          TIJUANA BCN  003","ENTRETENIMIENTO","CLUBES DEPORTIVOS PROFESIONALES, (HIPODROMOS,",2022-12-21,"MX","CARD NOT PRESENT","F","VERACRUZ DE IGNACIO DE LA LLAV",25,54.36,3276,43,4
"117","TDD","STR*UBER PENDING      CIUDAD DE MEX001","TRANSPORTE TERRESTRE DE PASAJEROS","LIMOSINAS, (TAXIS)",2023-01-26,"MX","CARD NOT PRESENT","M","NUEVO LEON",31,41.78,9483,79,4
"118","TDD","HTECH COM TELCEL SAL  SN PEDRO GARZ001","RETAIL","COMPUTADORAS EQUIPO PERIF DE COMPUTADORAS SOFTWARE",2023-03-04,"MX","CARD NOT PRESENT","M","YUCATAN",31,209.05,5219,116,2
"119","TDC","STP*UBER PENDING      CIUDAD DE MEX001","TRANSPORTE TERRESTRE DE PASAJEROS","LIMOSINAS, (TAXIS)",2022-11-08,"MX","CARD NOT PRESENT","M","NUEVO LEON",22,26.58,3353,0,4
"120","TDC","STP*UBER PENDING      CIUDAD DE MEX001","TRANSPORTE TERRESTRE DE PASAJEROS","LIMOSINAS, (TAXIS)",2022-12-08,"MX","CARD NOT PRESENT","F","CIUDAD DE MEXICO",24,44.88,7513,30,4
"121","TDD","OXXO ZOOLOGICO        LEON GTO     GU","RETAIL","TIENDAS DE CONVENIENCIA, MINISUPER",2022-12-28,"MX","CARD PRESENT","F","GUANAJUATO",28,49.37,3496,50,4
"122","TDD","7 ELEVEN ANAXAGORAS   MEXICO DF    DF","RETAIL","TIENDAS DE CONVENIENCIA, MINISUPER",2022-11-11,"MX","CARD PRESENT","M","CIUDAD DE MEXICO",20,14.94,806,3,4
"123","TDC","METROBUSL1SURPA       CIUDAD DE MEX001","OTROS","TRANSPORTE LOCAL URBANO Y SUBURB DE PASAJEROS",2023-02-13,"MX","CARD PRESENT","M","CIUDAD DE MEXICO",24,12.94,9121,97,4
"124","TDC","REST ROYS             CUERNAVACA MOMO","RESTAURANTE","RESTAURANTES",2023-02-01,"MX","CARD PRESENT","M","QUERETARO",39,171.88,7085,85,2
"125","TDD","MERCADO PAGO 5        CIUDAD DE MEX001","OTROS","MERCADO DIRECTO - VENTAS POR CATALOGO",2023-02-27,"MX","CARD NOT PRESENT","M","NUEVO LEON",21,26.67,1357,111,4
"126","TDD","SC*PLAYDOIT           GOMEZ PALACIO010","OTROS","BANDAS, ORQUESTAS, GRUPOS,DIVERSIONES NO CLASIFICA",2022-12-28,"MX","CARD NOT PRESENT","M","PUEBLA",19,569.1,984,50,3
"127","TDD","NETFLIX CR            CIUDAD DE MEX001","ENTRETENIMIENTO","PAGO DE SERVICIO POR TELEVISION CABLE/POR EVENTO",2022-11-27,"MX","CARD NOT PRESENT","M","JALISCO",34,79.31,7052,19,4
"128","TDD","RAPPI E COM           CIUDAD DE MEXCMX","TRANSPORTE TERRESTRE DE PASAJEROS","LIMOSINAS, (TAXIS)",2023-02-17,"MX","CARD NOT PRESENT","M","NUEVO LEON",25,122.3,300,101,4
"129","TDD","PAYPAL3               MEXICO DF    DF","AGREGADOR","AGREGADOR",2022-11-21,"MX","CARD NOT PRESENT","F","NUEVO LEON",21,587.08,8356,13,3
"130","TDC","CINEPOLIS TAQUILLA    MORELIA MICH 16","ENTRETENIMIENTO","CINES, TEATROS",2023-02-08,"MX","CARD PRESENT","M","PUEBLA",31,61.85,5091,92,4
"131","TDD","EBANX*APLAZO          MIGUEL HIDALGDF","AGREGADOR","AGREGADOR",2023-02-03,"MX","CARD NOT PRESENT","M","CHIAPAS",31,200.41,8029,87,2
"132","TDD","TULOTERO MEXICO       CIUDAD DE MEX001","OTROS","COMERCIOS ELECTRONICOS (VTAS POR INTERNET)",2023-03-05,"MX","CARD NOT PRESENT","M","MEXICO",28,34.9,4181,117,4
"133","TDD","SNP*MERCADOPAGO       CIUDAD DE MEX001","AGREGADOR","AGREGADOR",2023-02-17,"MX","CARD PRESENT","F","MEXICO",52,37.89,4962,101,4
"134","TDD","STR*UBER PENDING      CIUDAD DE MEX001","TRANSPORTE TERRESTRE DE PASAJEROS","LIMOSINAS, (TAXIS)",2023-02-24,"MX","CARD NOT PRESENT","M","BAJA CALIFORNIA SUR",38,49.87,7499,108,4
"135","TDC","STP*UBER PENDING      CIUDAD DE MEX001","TRANSPORTE TERRESTRE DE PASAJEROS","LIMOSINAS, (TAXIS)",2022-11-25,"MX","CARD NOT PRESENT","F","NUEVO LEON",23,109.71,337,17,4
"136","TDC","EBANX DIGITAL GOODS CRMIGUEL HIDALGDF","OTROS","SERVICIOS EMPRESARIALES - NO CLASIFICADOS",2023-01-30,"MX","CARD NOT PRESENT","F","YUCATAN",25,84.3,5533,83,4
"137","TDD","MERCADO PAGO          CIUDAD DE MEXDF","OTROS","MERCADEO DIRECTO - NO CLASIFICADO",2023-01-31,"MX","CARD NOT PRESENT","F","MEXICO",50,142.69,4923,84,2
"138","TDD","SR PAGO*MIBAITCOM     BENITO JUAREZ001","AGREGADOR","AGREGADOR",2022-11-29,"MX","CARD NOT PRESENT","M","YUCATAN",23,109.75,7766,21,4
"139","TDC","PAYPAL *UBER BV          35314369001","TRANSPORTE TERRESTRE DE PASAJEROS","LIMOSINAS, (TAXIS)",2022-11-11,"NL","CARD NOT PRESENT","M","JALISCO",31,69.83,5489,3,4
"140","TDD","ENVIAFLORES COM       MONTERREY NL 000","RETAIL","FLORERIAS",2023-01-18,"MX","CARD NOT PRESENT","M","NUEVO LEON",35,529.23,2250,71,3
"141","TDC","CLIP MX*COMERCIO ANGELCENTLA       000","AGREGADOR","AGREGADOR",2023-02-15,"MX","CARD PRESENT","M","TABASCO",23,260.18,1982,99,2
"142","TDD","7 ELEVEN AGUACATE     GUADALUPE NL NL","RETAIL","TIENDAS DE CONVENIENCIA, MINISUPER",2022-11-13,"MX","CARD PRESENT","M","NUEVO LEON",23,52.12,9230,5,4
"143","TDC","NATURA PARQUE DELTA   CIUDAD DE MEX001","RETAIL","TIENDAS - COSMETICOS  PERFUMERIA",2022-12-30,"MX","CARD PRESENT","F","CIUDAD DE MEXICO",26,259.81,6685,52,2
"144","TDD","D LOCAL*DIDI RIDES    CIUDAD DE MEX001","TRANSPORTE TERRESTRE DE PASAJEROS","LIMOSINAS, (TAXIS)",2022-12-09,"MX","CARD NOT PRESENT","F","QUERETARO",32,27.16,3273,31,4
"145","TDC","DLOCAL*DIDI RIDES CA  CIUDAD DE MEX09","TRANSPORTE TERRESTRE DE PASAJEROS","LIMOSINAS, (TAXIS)",2023-02-18,"MX","CARD NOT PRESENT","M","SONORA",21,32.96,6073,102,4
"146","TDD","PAYPAL *UBER BV          35314369001","TRANSPORTE TERRESTRE DE PASAJEROS","LIMOSINAS, (TAXIS)",2023-01-15,"NL","CARD NOT PRESENT","F","MEXICO",27,39.87,4057,68,4
"147","TDD","STRIPE *UBER PENDING  CIUDAD DE MEXCMX","TRANSPORTE TERRESTRE DE PASAJEROS","LIMOSINAS, (TAXIS)",2023-02-13,"MX","CARD NOT PRESENT","F","TAMAULIPAS",21,21.89,3529,97,4
"148","TDD","STP*UBER EATS PENDING CIUDAD DE MEX001","OTROS","TRASLADOS - FLETES, (SERVICIOS DE MENSAJERIA)",2022-11-27,"MX","CARD NOT PRESENT","M","CIUDAD DE MEXICO",31,88.99,6821,19,4
"149","TDD","METROBUSL1PA          CIUDAD DE MEX001","OTROS","TRANSPORTE LOCAL URBANO Y SUBURB DE PASAJEROS",2022-11-23,"MX","CARD PRESENT","M","CIUDAD DE MEXICO",29,12.94,7274,15,4
"150","TDD","MERCADO PAGO          CIUDAD DE MEXDF","OTROS","MERCADEO DIRECTO - NO CLASIFICADO",2022-11-30,"MX","CARD NOT PRESENT","M","NUEVO LEON",123,317.02,8210,22,2
"151","TDD","SRPAGO*RESTAURANTE    CIUDAD DE MEX001","AGREGADOR","AGREGADOR",2022-11-08,"MX","CARD PRESENT","F","COAHUILA DE ZARAGOZA",21,87.3,469,0,4
"152","TDC","CONEKTA*MISALDOSFINX  NAUCALPAN DE 001","OTROS","SERV PROC DATOS - DISENO Y PROGRAM DE SISTEMAS",2023-02-24,"MX","CARD NOT PRESENT","M","JALISCO",25,59.85,442,108,4
"153","TDC","VIVA AEROBUS CIB      APODACA      00","TRANSPORTE AEREO","OTRAS LINEAS AEREAS -FLETES AEREOS NO CLASIFICADAS",2023-02-04,"MX","CARD NOT PRESENT","M","BAJA CALIFORNIA",29,883.36,1693,88,1
"154","TDC","MERCADO PAGO 1        CIUDAD DE MEX001","OTROS","MERCADO DIRECTO - VENTAS POR CATALOGO",2023-01-06,"MX","CARD NOT PRESENT","M","CHIAPAS",34,635.2,344,59,3
"155","TDD","STP*UBER TRIP         CIUDAD DE MEX001","TRANSPORTE TERRESTRE DE PASAJEROS","LIMOSINAS, (TAXIS)",2022-12-12,"MX","CARD NOT PRESENT","F","NUEVO LEON",24,86.85,2969,34,4
"156","TDC","CINEPOLIS DULCERIA    MORELIA MICH 16","ENTRETENIMIENTO","CINES, TEATROS",2022-12-03,"MX","CARD PRESENT","F","NUEVO LEON",28,88.79,3506,25,4
"157","TDC","PAY*RAPPI COMERCIO E  CIUDAD DE MEX001","TRANSPORTE TERRESTRE DE PASAJEROS","LIMOSINAS, (TAXIS)",2022-11-30,"MX","CARD NOT PRESENT","M","YUCATAN",30,189.44,6520,22,2
"158","TDD","BROCHETAS Y PARRILLADASANTIAGO DE Q022","RETAIL","ALIMENTOS - PROVEEDORES Y DISTRIBUIDORES",2023-02-24,"MX","CARD PRESENT","M","CIUDAD DE MEXICO",52,111.25,6302,108,4
"159","TDC","SNP*MERCADOPAGO       CIUDAD DE MEX001","AGREGADOR","AGREGADOR",2022-11-19,"MX","CARD NOT PRESENT","M","CIUDAD DE MEXICO",29,343.78,7347,11,2
"160","TDD","MERCADO PAGO          CIUDAD DE MEXDF","OTROS","MERCADEO DIRECTO - NO CLASIFICADO",2023-01-24,"MX","CARD NOT PRESENT","M","SAN LUIS POTOSI",31,14.94,7556,77,4
"161","TDD","7 ELEVEN LARA RUIZ CORMONTERREY NL NL","RETAIL","TIENDAS DE CONVENIENCIA, MINISUPER",2023-01-25,"MX","CARD PRESENT","M","NUEVO LEON",24,19.93,3178,78,4
"162","TDC","VIVA AEROBUS CIB      APODACA      00","TRANSPORTE AEREO","OTRAS LINEAS AEREAS -FLETES AEREOS NO CLASIFICADAS",2023-01-19,"MX","CARD NOT PRESENT","M","CIUDAD DE MEXICO",26,269.96,6079,72,2
"163","TDD","DQ LA PAZ             HERMOSILLO SO026","COMIDA RAPIDA","COMIDA RAPIDA",2023-01-16,"MX","CARD PRESENT","F","BAJA CALIFORNIA SUR",23,13.69,7088,69,4
"164","TDD","STP*UNDOSTRES COM MX  CIUDAD DE MEX001","AGREGADOR","AGREGADOR",2022-11-15,"MX","CARD NOT PRESENT","M","MICHOACAN DE OCAMPO",30,34.9,5806,7,4
"165","TDD","OPENPAY*RAPPI         CIUDAD DE MEXCMX","AGREGADOR","AGREGADOR",2023-01-20,"MX","CARD NOT PRESENT","F","SONORA",35,24.01,3724,73,4
"166","TDD","DLOCAL*DIDI FOOD      CIUDAD DE MEX001","TRANSPORTE TERRESTRE DE PASAJEROS","LIMOSINAS, (TAXIS)",2022-12-30,"MX","CARD NOT PRESENT","M","SONORA",26,77.81,3834,52,4
"167","TDD","DLOCAL*DIDI FOOD CA   CIUDAD DE MEX09","AGREGADOR","AGREGADOR",2023-01-29,"MX","CARD NOT PRESENT","M","MEXICO",28,133.7,8621,82,4
"168","TDC","STP*UBER TRIP         CIUDAD DE MEX001","TRANSPORTE TERRESTRE DE PASAJEROS","LIMOSINAS, (TAXIS)",2022-12-09,"MX","CARD NOT PRESENT","M","GUERRERO",31,149,3248,31,2
"169","TDC","VICTORIA S SECRET 0623   LAREDO","RETAIL","ROPA CASUAL DAMAS LENCERIA",2022-11-28,"US","CARD PRESENT","M","JALISCO",41,716.75,9770,20,3
"170","TDC","CINEPOLIS TAQUILLA    MORELIA MICH 16","ENTRETENIMIENTO","CINES, TEATROS",2022-12-23,"MX","CARD PRESENT","M","JALISCO",40,51.37,1799,45,4
"171","TDD","EBANX CANVA           MIGUEL HIDALGDF","OTROS","SERVICIOS EMPRESARIALES - NO CLASIFICADOS",2023-02-28,"MX","CARD NOT PRESENT","M","TAMAULIPAS",29,84.3,6492,112,4
"172","TDC","DOLCE NATURA          GUADALAJARA J014","RETAIL","DULCERIAS, PASTELERIAS Y CONFITERIAS, SEMILLAS",2022-11-13,"MX","CARD PRESENT","M","JALISCO",30,198.57,5198,5,2
"173","TDC","CK SANTANDER          SANTIAGO DE QQU","RETAIL","TIENDAS DE CONVENIENCIA, MINISUPER",2023-02-23,"MX","CARD PRESENT","M","GUANAJUATO",25,23.17,4740,107,4
"174","TDC","SNP*MERCADOPAGO       CIUDAD DE MEX001","AGREGADOR","AGREGADOR",2023-01-15,"MX","CARD NOT PRESENT","F","NUEVO LEON",19,573.97,1182,68,3
"175","TDD","NAYAX1 *NAYAX *GLOBAL MEXICO DF    DF","AGREGADOR","AGREGADOR",2022-12-15,"MX","CARD PRESENT","M","NUEVO LEON",30,17.93,7457,37,4
"176","TDD","D LOCAL*DIDI RIDES    CIUDAD DE MEX001","TRANSPORTE TERRESTRE DE PASAJEROS","LIMOSINAS, (TAXIS)",2023-02-15,"MX","CARD NOT PRESENT","F","CIUDAD DE MEXICO",24,29.63,4578,99,4
"177","TDD","SNP*MERCADOPAGO       CIUDAD DE MEX001","AGREGADOR","AGREGADOR",2023-03-03,"MX","CARD PRESENT","M","HIDALGO",23,32.41,2929,115,4
"178","TDD","D LOCAL*DIDI RIDES    CIUDAD DE MEX001","TRANSPORTE TERRESTRE DE PASAJEROS","LIMOSINAS, (TAXIS)",2023-03-03,"MX","CARD NOT PRESENT","F","NUEVO LEON",44,28.64,4263,115,4
"179","TDC","STP*UBER PENDING      CIUDAD DE MEX001","TRANSPORTE TERRESTRE DE PASAJEROS","LIMOSINAS, (TAXIS)",2022-12-10,"MX","CARD NOT PRESENT","M","DURANGO",24,49.86,2193,32,4
"180","TDD","STP*UBER PENDING      CIUDAD DE MEX001","TRANSPORTE TERRESTRE DE PASAJEROS","LIMOSINAS, (TAXIS)",2023-01-07,"MX","CARD NOT PRESENT","M","NUEVO LEON",21,29.9,9840,60,4
"181","TDD","MERCADO PAGO          CIUDAD DE MEXDF","OTROS","MERCADEO DIRECTO - NO CLASIFICADO",2023-01-14,"MX","CARD NOT PRESENT","M","CIUDAD DE MEXICO",61,59.85,355,67,4
"182","TDD","SNP*MERCADOPAGO       CIUDAD DE MEX001","AGREGADOR","AGREGADOR",2022-12-27,"MX","CARD NOT PRESENT","M","JALISCO",32,551.64,5031,49,3
"183","TDC","Google UDEMY INC         650-2530000","RETAIL","VENTA DE SOFTWARE PARA COMPUTADORAS",2023-01-10,"US","CARD NOT PRESENT","M","QUINTANA ROO",20,109.25,3823,63,4
"184","TDC","STP*UBER EATS PENDING CIUDAD DE MEX001","OTROS","TRASLADOS - FLETES, (SERVICIOS DE MENSAJERIA)",2022-11-21,"MX","CARD NOT PRESENT","F","CIUDAD DE MEXICO",47,140.91,4986,13,2
"185","TDD","DLOCAL*DIDI RIDES MX  CIUDAD DE MEX09","AGREGADOR","AGREGADOR",2022-11-20,"MX","CARD NOT PRESENT","F","NUEVO LEON",29,36.15,4474,12,4
"186","TDD","STP*UBER TRIP         CIUDAD DE MEX001","TRANSPORTE TERRESTRE DE PASAJEROS","LIMOSINAS, (TAXIS)",2023-01-10,"MX","CARD NOT PRESENT","F","GUANAJUATO",19,25.69,386,63,4
"187","TDC","STRIPE *UBER PENDING  CIUDAD DE MEXCMX","TRANSPORTE TERRESTRE DE PASAJEROS","LIMOSINAS, (TAXIS)",2023-02-16,"MX","CARD NOT PRESENT","M","QUERETARO",24,29.68,1507,100,4
"188","TDC","STP*UBER PENDING      CIUDAD DE MEX001","TRANSPORTE TERRESTRE DE PASAJEROS","LIMOSINAS, (TAXIS)",2023-01-11,"MX","CARD NOT PRESENT","F","NUEVO LEON",27,39.84,6076,64,4
"189","TDD","METROBUSL1PA          CIUDAD DE MEX001","OTROS","TRANSPORTE LOCAL URBANO Y SUBURB DE PASAJEROS",2022-12-08,"MX","CARD PRESENT","M","CIUDAD DE MEXICO",22,12.94,8900,30,4
"190","TDC","GOOGLE *Domains          g.co/helppay#","OTROS","SERVICIOS EMPRESARIALES - NO CLASIFICADOS",2022-12-01,"GB","CARD NOT PRESENT","M","CIUDAD DE MEXICO",40,167.14,3996,23,2
"191","TDC","Google Playrix Games     650-2530000","RETAIL","VENTA DE SOFTWARE PARA COMPUTADORAS",2022-12-24,"US","CARD NOT PRESENT","F","MEXICO",27,34.4,5584,46,4
"192","TDD","Google YOOZOO            650-2530000","OTROS","SERV PROC DATOS - DISENO Y PROGRAM DE SISTEMAS",2023-01-30,"US","CARD NOT PRESENT","M","CIUDAD DE MEXICO",22,23.39,5205,83,4
"193","TDC","STP*UBER TRIP         CIUDAD DE MEX001","TRANSPORTE TERRESTRE DE PASAJEROS","LIMOSINAS, (TAXIS)",2023-01-23,"MX","CARD NOT PRESENT","M","CIUDAD DE MEXICO",37,156.12,3733,76,2
"194","TDC","OPENPAY*ROKU DISNEY   CUAUHTEMOC   CMX","AGREGADOR","AGREGADOR",2023-01-03,"MX","CARD NOT PRESENT","M","HIDALGO",32,49.37,1049,56,4
"195","TDC","UBER                  CIUDAD DE MEX001","TRANSPORTE TERRESTRE DE PASAJEROS","LIMOSINAS, (TAXIS)",2023-01-01,"MX","CARD NOT PRESENT","M","NUEVO LEON",26,19.93,9417,54,4
"196","TDC","STR*UBER TRIP         CIUDAD DE MEX001","TRANSPORTE TERRESTRE DE PASAJEROS","LIMOSINAS, (TAXIS)",2023-01-22,"MX","CARD NOT PRESENT","F","BAJA CALIFORNIA",28,33.65,1171,75,4
"197","TDC","DLOCAL*DIDI RIDES     CIUDAD DE MEX001","TRANSPORTE TERRESTRE DE PASAJEROS","LIMOSINAS, (TAXIS)",2022-12-07,"MX","CARD NOT PRESENT","F","CHIAPAS",20,37.96,1508,29,4
"198","TDD","RAPPI E COM           CIUDAD DE MEXCMX","TRANSPORTE TERRESTRE DE PASAJEROS","LIMOSINAS, (TAXIS)",2022-12-13,"MX","CARD NOT PRESENT","M","CIUDAD DE MEXICO",42,80.31,5164,35,4
"199","TDD","SC*CALIENTEMX2        TIJUANA BCN  001","ENTRETENIMIENTO","CLUBES DEPORTIVOS PROFESIONALES, (HIPODROMOS,",2022-12-03,"MX","CARD NOT PRESENT","F","BAJA CALIFORNIA",35,209.55,6998,25,2
"200","TDD","OPENPAY*APLAZ SA DE CVMIGUEL HIDALGCMX","AGREGADOR","AGREGADOR",2022-12-25,"MX","CARD NOT PRESENT","M","GUANAJUATO",33,260.87,6039,47,2
"201","TDC","UBER                  CIUDAD DE MEX001","TRANSPORTE TERRESTRE DE PASAJEROS","LIMOSINAS, (TAXIS)",2022-11-20,"MX","CARD NOT PRESENT","F","MEXICO",21,19.93,5920,12,4
"202","TDC","Google Activision        650-2530000","RETAIL","VENTA DE SOFTWARE PARA COMPUTADORAS",2022-12-22,"US","CARD NOT PRESENT","M","GUANAJUATO",123,59.35,9163,44,4
"203","TDD","MERCADO PAGO          CIUDAD DE MEXDF","OTROS","MERCADEO DIRECTO - NO CLASIFICADO",2022-11-18,"MX","CARD NOT PRESENT","F","GUANAJUATO",39,59.85,7341,10,4
"204","TDC","DLOCAL*DIDI FOOD      CIUDAD DE MEX001","TRANSPORTE TERRESTRE DE PASAJEROS","LIMOSINAS, (TAXIS)",2023-01-03,"MX","CARD NOT PRESENT","M","COAHUILA DE ZARAGOZA",30,27.27,4415,56,4
"205","TDD","DLOCAL*DIDI RIDES     CIUDAD DE MEX001","TRANSPORTE TERRESTRE DE PASAJEROS","LIMOSINAS, (TAXIS)",2022-12-28,"MX","CARD NOT PRESENT","M","HIDALGO",31,29.75,6977,50,4
"206","TDD","7ELEVEN T2670 UNISUR  TLAQUEPAQUE JJA","RETAIL","TIENDAS DE CONVENIENCIA, MINISUPER",2022-12-01,"MX","CARD PRESENT","M","JALISCO",29,30.66,6869,23,4
"207","TDC","SNP*MERCADOPAGO       CIUDAD DE MEX001","AGREGADOR","AGREGADOR",2023-01-25,"MX","CARD NOT PRESENT","M","VERACRUZ DE IGNACIO DE LA LLAV",32,549.85,2772,78,3
"208","TDC","NETPAY*CERV DE BARRI  CIUDAD DE MEX001","RESTAURANTE","RESTAURANTES",2022-11-10,"MX","CARD PRESENT","M","CIUDAD DE MEXICO",27,332.46,3539,2,2
"209","TDC","SC*PLAYDOIT           GOMEZ PALACIO010","RETAIL","CASINOS CASAS DE JUEGO (APUESTAS INCLUYE BILLETES)",2023-03-01,"MX","CARD NOT PRESENT","M","VERACRUZ DE IGNACIO DE LA LLAV",36,59.85,9194,113,4
"210","TDC","STP*UBER PENDING      CIUDAD DE MEX001","TRANSPORTE TERRESTRE DE PASAJEROS","LIMOSINAS, (TAXIS)",2022-11-12,"MX","CARD NOT PRESENT","M","DURANGO",25,59.84,1086,4,4
"211","TDC","STP*UBER PENDING      CIUDAD DE MEX001","TRANSPORTE TERRESTRE DE PASAJEROS","LIMOSINAS, (TAXIS)",2023-01-14,"MX","CARD NOT PRESENT","M","JALISCO",39,89.76,6566,67,4
"212","TDD","CINETEC MU            CIUDAD DE MEXDF","ENTRETENIMIENTO","CINES, TEATROS",2023-02-21,"MX","CARD NOT PRESENT","F","CIUDAD DE MEXICO",44,29.91,8116,105,4
"213","TDC","CINEPOLIS TAQUILLA    MORELIA MICH 16","ENTRETENIMIENTO","CINES, TEATROS",2022-12-25,"MX","CARD PRESENT","M","NUEVO LEON",30,124.72,1910,47,4
"214","TDC","DLOCAL*DIDI FOOD CA   CIUDAD DE MEX09","AGREGADOR","AGREGADOR",2022-12-27,"MX","CARD NOT PRESENT","M","CHIHUAHUA",26,104.76,895,49,4
"215","TDD","TCONE*AGREGADOR       CIUDAD DE MEX09","AGREGADOR","AGREGADOR",2022-12-22,"MX","CARD PRESENT","M","CHIHUAHUA",59,14.94,8579,44,4
"216","TDC","DON CHAMALITO         MONTERREY NL 019","RESTAURANTE","BARES,BEBIDAS ALCOHOLICAS,TABERNAS,DISCOTECAS",2023-02-11,"MX","CARD PRESENT","M","NUEVO LEON",27,345.66,5826,95,2
"217","TDD","MERCADO PAGO          CIUDAD DE MEXDF","OTROS","MERCADEO DIRECTO - NO CLASIFICADO",2023-02-09,"MX","CARD NOT PRESENT","F","NUEVO LEON",39,282.91,9342,93,2
"218","TDD","STR*UBER PENDING      CIUDAD DE MEX001","TRANSPORTE TERRESTRE DE PASAJEROS","LIMOSINAS, (TAXIS)",2023-02-15,"MX","CARD NOT PRESENT","F","MICHOACAN DE OCAMPO",30,69.79,1784,99,4
"219","TDD","BET365 MX SEC         CIUDAD DE MEXDF","RETAIL","CASINOS CASAS DE JUEGO (APUESTAS INCLUYE BILLETES)",2022-11-13,"MX","CARD NOT PRESENT","M","MEXICO",39,59.85,3965,5,4
"220","TDD","STP*UBER EATS PENDING CIUDAD DE MEX001","OTROS","TRASLADOS - FLETES, (SERVICIOS DE MENSAJERIA)",2022-12-04,"MX","CARD NOT PRESENT","M","PUEBLA",24,96.48,9280,26,4
"221","TDD","MERCADO PAGO          CIUDAD DE MEXDF","OTROS","MERCADEO DIRECTO - NO CLASIFICADO",2023-01-01,"MX","CARD NOT PRESENT","M","NUEVO LEON",22,458.96,5515,54,3
"222","TDD","SC*PLAYDOIT           GOMEZ PALACIO010","RETAIL","CASINOS CASAS DE JUEGO (APUESTAS INCLUYE BILLETES)",2023-02-06,"MX","CARD NOT PRESENT","M","CHIAPAS",25,59.85,5446,90,4
"223","TDC","NAILS AND LASHES SALONCIUDAD DE MEXDF","SALONES DE BELLEZA","SALONES DE BELLEZA, (PELUQUERIAS), (ESTETICAS)",2023-02-02,"MX","CARD PRESENT","F","MEXICO",28,79.81,9347,86,4
"224","TDD","REST ROSETTA          CIUDAD DE MEX001","RESTAURANTE","RESTAURANTES",2022-12-09,"MX","CARD PRESENT","M","CIUDAD DE MEXICO",38,187.1,1477,31,2
"225","TDD","CINEPOLIS APP TICKETS MORELIA MICH 16","ENTRETENIMIENTO","CINES, TEATROS",2022-12-03,"MX","CARD NOT PRESENT","F","MEXICO",29,128.71,7599,25,4
"226","TDC","PAY*RAPPI COMERCIO E  CIUDAD DE MEX001","TRANSPORTE TERRESTRE DE PASAJEROS","LIMOSINAS, (TAXIS)",2023-02-02,"MX","CARD NOT PRESENT","M","QUERETARO",34,170.34,9261,86,2
"227","TDD","D LOCAL*DIDI RIDES    CIUDAD DE MEX001","TRANSPORTE TERRESTRE DE PASAJEROS","LIMOSINAS, (TAXIS)",2023-02-17,"MX","CARD NOT PRESENT","F","NUEVO LEON",23,61.95,3521,101,4
"228","TDD","SNP*MERCADOPAGO       CIUDAD DE MEX001","AGREGADOR","AGREGADOR",2023-01-07,"MX","CARD NOT PRESENT","F","CAMPECHE",27,588.1,7793,60,3
"229","TDC","STR*UBER PENDING      CIUDAD DE MEX001","TRANSPORTE TERRESTRE DE PASAJEROS","LIMOSINAS, (TAXIS)",2023-03-06,"MX","CARD NOT PRESENT","F","TAMAULIPAS",28,27.29,5285,118,4
"230","TDD","STR*UBER PENDING      CIUDAD DE MEX001","TRANSPORTE TERRESTRE DE PASAJEROS","LIMOSINAS, (TAXIS)",2023-01-25,"MX","CARD NOT PRESENT","F","CHIHUAHUA",24,56.14,861,78,4
"231","TDC","EL ASTURIANO          SANTIAGO DE QQU","MISCELANEAS","ABARROTES, CARNICERIAS, PESCADERIAS, MISCELANEAS,",2022-11-22,"MX","CARD PRESENT","M","QUERETARO",31,53.11,9138,14,4
"232","TDC","STRIPE *UBER EATS     CIUDAD DE MEXCMX","OTROS","TRASLADOS - FLETES, (SERVICIOS DE MENSAJERIA)",2023-02-13,"MX","CARD NOT PRESENT","M","SONORA",37,97.03,168,97,4
"233","TDC","TULOTERO MEXICO       CIUDAD DE MEX001","OTROS","COMERCIOS ELECTRONICOS (VTAS POR INTERNET)",2022-12-07,"MX","CARD NOT PRESENT","M","CIUDAD DE MEXICO",33,134.7,3617,29,4
"234","TDD","NETFLIX COM CR        MEXICO DF    DF","ENTRETENIMIENTO","PAGO DE SERVICIO POR TELEVISION CABLE/POR EVENTO",2023-01-12,"MX","CARD NOT PRESENT","F","MEXICO",31,79.31,8829,65,4
"235","TDC","AMAZON MX             CIUDAD DE MEX001","OTROS","COMERCIOS ELECTRONICOS (VTAS POR INTERNET)",2022-11-26,"MX","CARD NOT PRESENT","F","MORELOS",60,151.67,7334,18,2
"236","TDD","UBER CORNERSHOP       TLALNEPANTLA 015","RESTAURANTE","RESTAURANTES",2023-01-06,"MX","CARD NOT PRESENT","M","CIUDAD DE MEXICO",31,363.39,3260,59,2
"237","TDC","SPOTIFY               CIUDAD DE MEX001","OTROS","COMERCIOS ELECTRONICOS (VTAS POR INTERNET)",2023-03-01,"MX","CARD NOT PRESENT","M","AGUASCALIENTES",22,99.27,139,113,4
"238","TDD","H&M MX0002 GALER GDL  ZAPOPAN      00","RETAIL","BOUTIQUES ROPA - PARA TODA LA FAMILIA",2022-12-19,"MX","CARD PRESENT","F","JALISCO",31,214.09,8121,41,2
"239","TDD","MERCADO PAGO          CIUDAD DE MEXDF","OTROS","MERCADEO DIRECTO - NO CLASIFICADO",2023-01-17,"MX","CARD NOT PRESENT","M","TAMAULIPAS",26,34.9,8353,70,4
"240","TDD","7 ELEVEN ANAXAGORAS   MEXICO DF    DF","RETAIL","TIENDAS DE CONVENIENCIA, MINISUPER",2022-12-31,"MX","CARD PRESENT","M","CIUDAD DE MEXICO",20,17.44,806,53,4
"241","TDD","UBR* PENDING.UBER.COM    Amsterdam","TRANSPORTE TERRESTRE DE PASAJEROS","LIMOSINAS, (TAXIS)",2023-01-13,"MX","CARD NOT PRESENT","F","NUEVO LEON",29,119.71,8175,66,4
"242","TDD","7 ELEVEN T2206        SALTILLO COAHCO","RETAIL","TIENDAS DE CONVENIENCIA, MINISUPER",2023-01-04,"MX","CARD PRESENT","M","COAHUILA DE ZARAGOZA",45,24.42,9820,57,4
"243","TDC","SPOTIFY               CIUDAD DE MEX001","OTROS","COMERCIOS ELECTRONICOS (VTAS POR INTERNET)",2023-02-23,"MX","CARD NOT PRESENT","F","SAN LUIS POTOSI",29,38.39,5569,107,4
"244","TDD","MERCADO PAGO          CIUDAD DE MEXDF","OTROS","MERCADEO DIRECTO - NO CLASIFICADO",2023-02-24,"MX","CARD NOT PRESENT","M","JALISCO",37,251.97,6393,108,2
"245","TDD","SMARTPY*REST WENDYS   CD JUAREZ CHI001","COMIDA RAPIDA","COMIDA RAPIDA",2023-02-22,"MX","CARD PRESENT","M","CHIHUAHUA",21,99.77,8054,106,4
"246","TDC","STP*UBER EATS PENDING CIUDAD DE MEX001","OTROS","TRASLADOS - FLETES, (SERVICIOS DE MENSAJERIA)",2022-12-15,"MX","CARD NOT PRESENT","M","TABASCO",35,71.83,8550,37,4
"247","TDD","ORG F FUCAM CDMX CAJASCIUDAD DE MEX001","BENEFICENCIA","ORGANIZACIONES DE SERVICIO SOCIAL ( BENEFICENCIA)",2023-02-22,"MX","CARD PRESENT","F","MEXICO",41,134.7,4141,106,4
"248","TDD","SNP*MERCADOPAGO       CIUDAD DE MEX001","AGREGADOR","AGREGADOR",2023-02-12,"MX","CARD NOT PRESENT","M","NUEVO LEON",38,637.26,4364,96,3
"249","TDD","WINGSTOP E AZTECA     CIUDAD DE MEX001","RESTAURANTE","RESTAURANTES",2022-12-09,"MX","CARD PRESENT","M","VERACRUZ DE IGNACIO DE LA LLAV",26,179.61,115,31,2
"250","TDD","S FIT PABELL ALTAVISTACIUDAD DE MEX001","ENTRETENIMIENTO","CLUBES DEPORTIVOS PROFESIONALES, (HIPODROMOS,",2022-11-22,"MX","CARD NOT PRESENT","M","CIUDAD DE MEXICO",33,189.09,1925,14,2
"251","TDD","SORTEO TEC            MONTERREY NL NL","OTROS","MERCADEO DIRECTO - NO CLASIFICADO",2023-03-07,"MX","CARD NOT PRESENT","F","COAHUILA DE ZARAGOZA",37,22.43,5034,119,4
"252","TDC","STP*UBER PENDING      CIUDAD DE MEX001","TRANSPORTE TERRESTRE DE PASAJEROS","LIMOSINAS, (TAXIS)",2022-12-08,"MX","CARD NOT PRESENT","F","GUANAJUATO",35,49.86,9404,30,4
"253","TDD","PAYPAL1               MEXICO DF    DF","AGREGADOR","AGREGADOR",2023-01-14,"MX","CARD NOT PRESENT","M","YUCATAN",21,15.94,8905,67,4
"254","TDC","STP*UBER PENDING      CIUDAD DE MEX001","TRANSPORTE TERRESTRE DE PASAJEROS","LIMOSINAS, (TAXIS)",2022-11-29,"MX","CARD NOT PRESENT","M","NUEVO LEON",34,69.79,6592,21,4
"255","TDD","PAYPAL3               MEXICO DF    DF","AGREGADOR","AGREGADOR",2023-01-01,"MX","CARD NOT PRESENT","M","NUEVO LEON",24,54.36,8713,54,4
"256","TDD","OXXOVILLA JARDIN MID  MERIDA YUC   YU","RETAIL","TIENDAS DE CONVENIENCIA, MINISUPER",2022-11-15,"MX","CARD PRESENT","M","YUCATAN",21,61.35,9010,7,4
"257","TDD","MERCADO PAGO          CIUDAD DE MEXDF","OTROS","MERCADEO DIRECTO - NO CLASIFICADO",2023-01-24,"MX","CARD NOT PRESENT","M","CIUDAD DE MEXICO",47,198.94,6422,77,2
"258","TDD","STRIPE *UBER PENDING  CIUDAD DE MEXCMX","TRANSPORTE TERRESTRE DE PASAJEROS","LIMOSINAS, (TAXIS)",2023-02-23,"MX","CARD NOT PRESENT","M","NUEVO LEON",49,49.32,2852,107,4
"259","TDC","UBR* PENDING.UBER.COM    Amsterdam","TRANSPORTE TERRESTRE DE PASAJEROS","LIMOSINAS, (TAXIS)",2023-01-16,"MX","CARD NOT PRESENT","M","MEXICO",19,34.86,3754,69,4
"260","TDD","KUSHKI*WINPOT         ZAPOPAN JAL  014","ENTRETENIMIENTO","VIDEO JUEGOS - ESTABLECIMIENTOS",2022-12-01,"MX","CARD NOT PRESENT","M","SINALOA",53,159.65,6615,23,2
"261","TDD","CMX PASEO SAN PEDRO   SANPEDRO GARNL","ENTRETENIMIENTO","CINES, TEATROS",2022-11-17,"MX","CARD PRESENT","M","NUEVO LEON",23,267.44,4797,9,2
"262","TDD","MERCADO PAGO          CIUDAD DE MEXDF","OTROS","MERCADEO DIRECTO - NO CLASIFICADO",2023-03-05,"MX","CARD NOT PRESENT","M","BAJA CALIFORNIA",47,263.02,9162,117,2
"263","TDD","OXXOGABINO BARREDA MEXMEXICO DF    DF","RETAIL","TIENDAS DE CONVENIENCIA, MINISUPER",2023-02-04,"MX","CARD PRESENT","M","CIUDAD DE MEXICO",39,33.85,7091,88,4
"264","TDD","7 ELEVEN LAGO ERIE    MONTERREY NL NL","RETAIL","TIENDAS DE CONVENIENCIA, MINISUPER",2023-02-01,"MX","CARD PRESENT","F","NUEVO LEON",56,26.92,1812,85,4
"265","TDC","DIDI FOOD             CIUDAD DE MEX001","COMIDA RAPIDA","COMIDA RAPIDA",2022-12-06,"MX","CARD NOT PRESENT","M","MICHOACAN DE OCAMPO",25,19.93,5334,28,4
"266","TDD","STP*UBER PENDING      CIUDAD DE MEX001","TRANSPORTE TERRESTRE DE PASAJEROS","LIMOSINAS, (TAXIS)",2022-11-18,"MX","CARD NOT PRESENT","F","QUERETARO",25,54.83,903,10,4
"267","TDD","Google GARENA            650-2530000","OTROS","SERV PROC DATOS - DISENO Y PROGRAM DE SISTEMAS",2022-12-24,"US","CARD NOT PRESENT","M","VERACRUZ DE IGNACIO DE LA LLAV",35,22.92,9718,46,4
"268","TDC","STR*UBER TRIP         CIUDAD DE MEX001","TRANSPORTE TERRESTRE DE PASAJEROS","LIMOSINAS, (TAXIS)",2023-02-26,"MX","CARD NOT PRESENT","M","GUANAJUATO",21,105.26,9752,110,4
"269","TDC","STR*UBER EATS PENDING CIUDAD DE MEX001","OTROS","TRASLADOS - FLETES, (SERVICIOS DE MENSAJERIA)",2023-03-06,"MX","CARD NOT PRESENT","M","CIUDAD DE MEXICO",30,139.19,8931,118,4
"270","TDD","MERCADO PAGO          CIUDAD DE MEXDF","OTROS","MERCADEO DIRECTO - NO CLASIFICADO",2022-12-31,"MX","CARD NOT PRESENT","M","NUEVO LEON",43,43.52,6171,53,4
"271","TDD","DLOCAL*DIDI RIDES MX  CIUDAD DE MEX09","AGREGADOR","AGREGADOR",2022-12-11,"MX","CARD NOT PRESENT","M","NUEVO LEON",32,36.96,9060,33,4
"272","TDD","LAS DELICIAS 2        SN NICOLAS DE019","RETAIL","PANADERIAS",2023-02-11,"MX","CARD PRESENT","F","NUEVO LEON",34,204.56,3292,95,2
"273","TDC","MONTEPIOLUZ SAVINON MUCIUDAD DE MEXDF","BENEFICENCIA","ORGANIZACIONES DE SERVICIO SOCIAL ( BENEFICENCIA)",2023-01-07,"MX","CARD PRESENT","M","QUINTANA ROO",51,530,3274,60,3
"274","TDD","CLIP MX*SUPERMART     SILAO DE LA V000","AGREGADOR","AGREGADOR",2022-12-24,"MX","CARD PRESENT","F","GUANAJUATO",25,19.93,3882,46,4
"275","TDC","OPENPAY*PLAYDOIT MEXICGOMEZ PALACIODGO","AGREGADOR","AGREGADOR",2022-11-13,"MX","CARD NOT PRESENT","M","COAHUILA DE ZARAGOZA",39,159.65,7885,5,2
"276","TDC","OPLINEA*OEL           SN PEDRO GARZNL","AGREGADOR","AGREGADOR",2023-01-05,"MX","CARD PRESENT","F","NUEVO LEON",25,81.31,1078,58,4
"277","TDC","UBR* PENDING.UBER.COM    Amsterdam","TRANSPORTE TERRESTRE DE PASAJEROS","LIMOSINAS, (TAXIS)",2022-12-16,"MX","CARD NOT PRESENT","M","GUANAJUATO",39,40.53,4090,38,4
"278","TDC","7 ELEVEN MORENITA MIA SANNICOLAS NNL","RETAIL","TIENDAS DE CONVENIENCIA, MINISUPER",2022-12-18,"MX","CARD PRESENT","M","NUEVO LEON",59,91.79,9575,40,4
"279","TDC","DLOCAL*DIDI RIDES     CIUDAD DE MEX001","TRANSPORTE TERRESTRE DE PASAJEROS","LIMOSINAS, (TAXIS)",2022-11-26,"MX","CARD NOT PRESENT","M","NUEVO LEON",123,34.23,1719,18,4
"280","TDD","NETPAY*NATURAL        CIUDAD DE MEX019","AGREGADOR","AGREGADOR",2022-12-17,"MX","CARD PRESENT","F","NUEVO LEON",44,47.38,5620,39,4
"281","TDC","MERCADO PAGO 1        CIUDAD DE MEX001","OTROS","MERCADO DIRECTO - VENTAS POR CATALOGO",2023-02-16,"MX","CARD NOT PRESENT","M","JALISCO",27,1212.38,1380,100,1
"282","TDD","SNP*MERCADOPAGO       CIUDAD DE MEX001","AGREGADOR","AGREGADOR",2022-12-19,"MX","CARD NOT PRESENT","F","CIUDAD DE MEXICO",37,131.71,3386,41,4
"283","TDD","Google Activision        650-2530000","OTROS","SERV PROC DATOS - DISENO Y PROGRAM DE SISTEMAS",2022-12-17,"US","CARD NOT PRESENT","F","MORELOS",20,109.25,7663,39,4
"284","TDC","UBR* PENDING.UBER.COM    Amsterdam","TRANSPORTE TERRESTRE DE PASAJEROS","LIMOSINAS, (TAXIS)",2023-02-19,"MX","CARD NOT PRESENT","F","MEXICO",35,98.92,3671,103,4
"285","TDC","NETPAY*CARLS JR       MERIDA YUC   001","COMIDA RAPIDA","COMIDA RAPIDA",2023-03-04,"MX","CARD PRESENT","M","TABASCO",26,133.7,2007,116,4
"286","TDD","OXXOSANTA TERESA      MERIDA YUC   YU","RETAIL","TIENDAS DE CONVENIENCIA, MINISUPER",2023-02-05,"MX","CARD PRESENT","M","YUCATAN",29,26.92,7857,89,4
"287","TDD","SNP*MERCADOPAGO       CIUDAD DE MEX001","AGREGADOR","AGREGADOR",2023-02-14,"MX","CARD PRESENT","F","NUEVO LEON",33,39.89,5270,98,4
"288","TDC","STR*UBER PENDING      CIUDAD DE MEX001","TRANSPORTE TERRESTRE DE PASAJEROS","LIMOSINAS, (TAXIS)",2023-03-04,"MX","CARD NOT PRESENT","M","JALISCO",31,119.7,8847,116,4
"289","TDD","DLOCAL*DIDI FOOD      CIUDAD DE MEX001","TRANSPORTE TERRESTRE DE PASAJEROS","LIMOSINAS, (TAXIS)",2022-11-12,"MX","CARD NOT PRESENT","F","COAHUILA DE ZARAGOZA",27,72.33,5402,4,4
"290","TDD","SNP*MERCADOPAGO       CIUDAD DE MEX001","AGREGADOR","AGREGADOR",2023-01-23,"MX","CARD NOT PRESENT","M","TAMAULIPAS",37,525.64,3243,76,3
"291","TDD","OPENPAY*APLAZ SA DE CVMIGUEL HIDALGCMX","AGREGADOR","AGREGADOR",2023-01-08,"MX","CARD NOT PRESENT","M","GUANAJUATO",33,158,6039,61,2
"292","TDD","OPENPAY*DIDIMX        CIUDAD DE MEXCMX","AGREGADOR","AGREGADOR",2022-12-06,"MX","CARD NOT PRESENT","F","BAJA CALIFORNIA",24,37.41,7903,28,4
"293","TDD","MERCADO PAGO          CIUDAD DE MEXDF","OTROS","MERCADEO DIRECTO - NO CLASIFICADO",2023-01-23,"MX","CARD NOT PRESENT","M","PUEBLA",34,54.86,4810,76,4
"294","TDD","DLOCAL*DIDI RIDES     CIUDAD DE MEX001","TRANSPORTE TERRESTRE DE PASAJEROS","LIMOSINAS, (TAXIS)",2022-11-13,"MX","CARD NOT PRESENT","M","SINALOA",28,32.54,2096,5,4
"295","TDD","MERCADO PAGO          CIUDAD DE MEXDF","OTROS","MERCADEO DIRECTO - NO CLASIFICADO",2023-02-15,"MX","CARD NOT PRESENT","M","JALISCO",32,131.21,9950,99,4
"296","TDD","BUFFALO W SENDERO     SN NICOLAS DE019","COMIDA RAPIDA","COMIDA RAPIDA",2022-11-25,"MX","CARD PRESENT","M","NUEVO LEON",29,483.01,4909,17,3
"297","TDD","NETFLIX CR            CIUDAD DE MEX001","ENTRETENIMIENTO","PAGO DE SERVICIO POR TELEVISION CABLE/POR EVENTO",2023-03-06,"MX","CARD NOT PRESENT","F","PUEBLA",45,79.31,8680,118,4
"298","TDD","STR*UBER PENDING      CIUDAD DE MEX001","TRANSPORTE TERRESTRE DE PASAJEROS","LIMOSINAS, (TAXIS)",2023-02-25,"MX","CARD NOT PRESENT","F","JALISCO",33,44.86,8667,109,4
"299","TDC","DLOCAL*DIDI FOOD      CIUDAD DE MEX001","TRANSPORTE TERRESTRE DE PASAJEROS","LIMOSINAS, (TAXIS)",2023-02-09,"MX","CARD NOT PRESENT","M","MEXICO",22,80.81,4829,93,4
"300","TDC","CK SANTANDER          SANTIAGO DE QQU","RETAIL","TIENDAS DE CONVENIENCIA, MINISUPER",2022-11-30,"MX","CARD PRESENT","M","GUANAJUATO",25,18.93,4740,22,4
